Unnamed: 0,company,ID,name,actor,time,img_Url,tags,video_url,page_url,describes
0,玩偶姐姐,,,,2024-09-09,https://cctv123456.com/i/f6vwd0j8.jpg,HongKongDoll玩偶姐姐・.写真短片集・秋日清晨・清晨的陽光・慢慢的撫摸・然后我爬到你身边含住,https://lbjx9.com/?url=https://t25.cdn2020.com/video/m3u8/2024/09/09/3df7e82e/index.m3u8,https://www.91fc.cc/index.php/vod/play/id/15372/sid/1/nid/1.html,HongKongDoll玩偶姐姐・.写真短片集・秋日清晨・清晨的陽光・慢慢的撫摸・然后我爬到你身边含住
0,玩偶姐姐,,,,2024-08-07,https://cctv123456.com/i/sq4uz1vf.jpg,HongKongDoll玩偶姐姐・.最新私信短片2,https://lbjx9.com/?url=https://t0.97img.com/a1000281/a.m3u8,https://www.91fc.cc/index.php/vod/play/id/14871/sid/1/nid/1.html,HongKongDoll玩偶姐姐・.最新私信短片2
0,玩偶姐姐,,,,2024-07-11,https://cctv123456.com/i/olv9cgv7.jpg,HongKongDoll玩偶姐姐・同居的她・上,https://lbjx9.com/?url=https://t0.97img.com/a1000223/a.m3u8,https://www.91fc.cc/index.php/vod/play/id/14683/sid/1/nid/1.html,HongKongDoll玩偶姐姐・同居的她・上
0,玩偶姐姐,,,,2024-06-16,https://cctv123456.com/i/aylffzby.jpg,HongKongDoll玩偶姐姐・最新私信短片,https://lbjx9.com/?url=https://t0.97img.com/a1000157/a.m3u8,https://www.91fc.cc/index.php/vod/play/id/14467/sid/1/nid/1.html,HongKongDoll玩偶姐姐・最新私信短片
0,玩偶姐姐,,,,2024-05-26,https://cctv123456.com/i/pdbrbai7.jpg,HongKongDoll玩偶姐姐・私信短片・震动棒永远可以让我高潮,https://lbjx9.com/?url=https://t0.97img.com/a1000096/a.m3u8,https://www.91fc.cc/index.php/vod/play/id/14211/sid/1/nid/1.html,HongKongDoll玩偶姐姐・私信短片・震动棒永远可以让我高潮
0,玩偶姐姐,,,,2024-05-09,https://cctv123456.com/i/lg8tnfxu.jpg,HongKongDoll玩偶姐姐・爱在夏威夷・森林番外篇,https://lbjx9.com/?url=https://t25.cdn2020.com/video/m3u8/2024/05/09/39bf1e0e/index.m3u8,https://www.91fc.cc/index.php/vod/play/id/13960/sid/1/nid/1.html,HongKongDoll玩偶姐姐・爱在夏威夷・森林番外篇
0,玩偶姐姐,,,,2024-04-02,https://hsck485.cc/images/2024/04/02/24d98f498ef46206fa50f842fa0c5f86.jpg,HongKongDoll玩偶姐姐・珍珠,https://lbjx9.com/?url=https://t25.cdn2020.com/video/m3u8/2024/04/02/c9c3425b/index.m3u8,https://www.91fc.cc/index.php/vod/play/id/13618/sid/1/nid/1.html,HongKongDoll玩偶姐姐・珍珠
0,玩偶姐姐,,,,2024-03-18,https://cctv123456.com/i/puwij7vp.jpg,HongKongDoll玩偶姐姐・黑丝,https://lbjx9.com/?url=https://t0.97img.com/a141/a.m3u8,https://www.91fc.cc/index.php/vod/play/id/13441/sid/1/nid/1.html,HongKongDoll玩偶姐姐・黑丝
0,玩偶姐姐,,,,2024-03-11,https://cctv123456.com/i/uyarvlug.jpg,HongKongDoll玩偶姐姐・自己玩抹油,https://lbjx9.com/?url=https://t0.97img.com/a122/a.m3u8,https://www.91fc.cc/index.php/vod/play/id/13348/sid/1/nid/1.html,HongKongDoll玩偶姐姐・自己玩抹油
0,玩偶姐姐,,,,2024-02-27,https://hsck485.cc/images/2024/02/27/76e8769d0f373106c1334fcca68c0170.jpg,HongKongDoll玩偶姐姐・去年的某个早晨・VLOG篇,https://lbjx9.com/?url=https://t23a.cdn2020.com/video/m3u8/2024/02/27/e27dc56c/index.m3u8,https://www.91fc.cc/index.php/vod/play/id/13218/sid/1/nid/1.html,HongKongDoll玩偶姐姐・去年的某个早晨・VLOG篇
0,玩偶姐姐,,,,2024-02-02,https://playav.xyz/wp-content/uploads/2024/02/AV-玩偶姐姐-HongKongDoll-終舞第一部-新年第一發-e1706800053818.jpg,HongKongDoll玩偶姐姐・终舞第一部,https://lbjx9.com/?url=https://t23a.cdn2020.com/video/m3u8/2024/01/30/1780e7a2/index.m3u8,https://www.91fc.cc/index.php/vod/play/id/12867/sid/1/nid/1.html,HongKongDoll玩偶姐姐・终舞第一部
0,玩偶姐姐,,,,2024-01-15,https://hsck485.cc/images/2024/01/15/2a3731ebf0351fb2a86dc6533fcdf54a.jpg,HongKongDoll玩偶姐姐・粉红回忆,https://lbjx9.com/?url=https://t23a.cdn2020.com/video/m3u8/2024/01/15/be7c9f2c/index.m3u8,https://www.91fc.cc/index.php/vod/play/id/12518/sid/1/nid/1.html,HongKongDoll玩偶姐姐・粉红回忆
0,玩偶姐姐,,,,2024-01-07,https://hsck485.cc/images/2024/01/07/1a43655bd1b1ad64801a3b9ea4610a97.jpg,HongKongDoll玩偶姐姐・自慰小嫩逼,https://lbjx9.com/?url=https://t23a.cdn2020.com/video/m3u8/2024/01/07/0f61f42a/index.m3u8,https://www.91fc.cc/index.php/vod/play/id/12358/sid/1/nid/1.html,HongKongDoll玩偶姐姐・自慰小嫩逼
0,玩偶姐姐,,,,2024-01-02,https://hsck485.cc/images/2024/01/01/3c76b71aaa24fb68c1c238a700a17409.jpg,HongKongDoll玩偶姐姐・倒模成人用品初体验,https://lbjx9.com/?url=https://t23a.cdn2020.com/video/m3u8/2024/01/02/77d979ec/index.m3u8,https://www.91fc.cc/index.php/vod/play/id/12230/sid/1/nid/1.html,HongKongDoll玩偶姐姐・倒模成人用品初体验
0,玩偶姐姐,,,,2023-12-26,https://hsck485.cc/images/2023/12/25/29ec0461837dfc1de0960566224c7050.jpg,HongKongDoll玩偶姐姐・2023圣诞写真特辑,https://lbjx9.com/?url=https://t23a.cdn2020.com/video/m3u8/2023/12/25/1109398c/index.m3u8,https://www.91fc.cc/index.php/vod/play/id/12088/sid/1/nid/1.html,HongKongDoll玩偶姐姐・2023圣诞写真特辑
0,玩偶姐姐,,,,2023-11-27,https://hsck485.cc/images/2023/11/27/de1a612af4d6a948f67f033af2f56a30.jpg,HongKongDoll玩偶姐姐・假日瑜伽,https://lbjx9.com/?url=https://t23a.cdn2020.com/video/m3u8/2023/11/27/221f9647/index.m3u8,https://www.91fc.cc/index.php/vod/play/id/11747/sid/1/nid/1.html,HongKongDoll玩偶姐姐・假日瑜伽
0,玩偶姐姐,,,,2023-10-31,https://picmeta2023.sbs/upload/vod/20231031-1/4e1ea54340552b58884a25a1be328a6f.jpg,HongKongDoll玩偶姐姐・乡下海滩玩耍,https://lbjx9.com/?url=https://t23aa.cdn2020.com/video/m3u8/2023/10/31/d41b94df/index.m3u8,https://www.91fc.cc/index.php/vod/play/id/11459/sid/1/nid/1.html,HongKongDoll玩偶姐姐・乡下海滩玩耍
0,玩偶姐姐,,,,2023-09-29,https://picmeta2023.sbs/upload/vod/20230929-1/8edcd86f990ccdda2a636a2d74680d26.jpg,HongKongDoll玩偶姐姐・第一天特别剧情,https://lbjx9.com/?url=https://t23a.cdn2020.com/video/m3u8/2023/09/28/52379bd5/index.m3u8,https://www.91fc.cc/index.php/vod/play/id/11065/sid/1/nid/1.html,HongKongDoll玩偶姐姐・第一天特别剧情
0,玩偶姐姐,,,,2023-09-05,https://picmeta2023.sbs/upload/vod/20230907-1/893bf1d9f412dfce40043b4b8421a6c4.jpg,HongKongDoll玩偶姐姐・海滩漫步的一天,https://lbjx9.com/?url=https://t22a.cdn2020.com/video/m3u8/2023/09/04/98fbda53/index.m3u8,https://www.91fc.cc/index.php/vod/play/id/10717/sid/1/nid/1.html,HongKongDoll玩偶姐姐・海滩漫步的一天
0,玩偶姐姐,,,,2023-09-05,https://picmeta2023.sbs/upload/vod/20230820-1/b2bec5a304b3ba34d2d70abf317e5465.jpg,HongKongDoll玩偶姐姐・闺中语,https://lbjx9.com/?url=https://t22a.cdn2020.com/video/m3u8/2023/09/04/71c3e2d7/index.m3u8,https://www.91fc.cc/index.php/vod/play/id/10718/sid/1/nid/1.html,HongKongDoll玩偶姐姐・闺中语
0,玩偶姐姐,,,,2023-07-20,https://picmeta2023.sbs/upload/vod/20220217-1/f5f027d75aea29452ff884d7d5b0b9f2.jpg,HongKongDoll玩偶姐姐・情人节特辑,https://lbjx9.com/?url=https://t10t13t16.cdn2020.com/video/m3u8/2022/02/17/d9471307/index.m3u8,https://www.91fc.cc/index.php/vod/play/id/2257/sid/1/nid/1.html,HongKongDoll玩偶姐姐・情人节特辑
0,玩偶姐姐,,,,2023-07-20,https://picmeta2023.sbs/upload/vod/20230407-1/99b78d7b4e7761f97efab61628950f09.jpg,HongKongDoll玩偶姐姐・新年里的某一天,https://lbjx9.com/?url=https://t22a.cdn2020.com/video/m3u8/2023/07/19/46d6a608/index.m3u8,https://www.91fc.cc/index.php/vod/play/id/8198/sid/1/nid/1.html,HongKongDoll玩偶姐姐・新年里的某一天
0,玩偶姐姐,,,,2023-07-20,https://picmeta2023.sbs/upload/vod/20230722-1/8097a97b56cbad5a569e01c7926bcef0.jpg,HongKongDoll玩偶姐姐・玩具被主人控制了,https://lbjx9.com/?url=https://t22a.cdn2020.com/video/m3u8/2023/07/19/2f41c55f/index.m3u8,https://www.91fc.cc/index.php/vod/play/id/10017/sid/1/nid/1.html,HongKongDoll玩偶姐姐・玩具被主人控制了
0,玩偶姐姐,,,,2023-07-15,https://picmeta2023.sbs/upload/vod/20230716-1/04cfbc67f120aed1f5e64a8af88ebb3c.jpg,HongKongDoll玩偶姐姐・情侣游戏2,https://lbjx9.com/?url=https://t22a.cdn2020.com/video/m3u8/2023/07/14/d43215ea/index.m3u8,https://www.91fc.cc/index.php/vod/play/id/8110/sid/1/nid/1.html,HongKongDoll玩偶姐姐・情侣游戏2
0,玩偶姐姐,,,,2023-07-15,https://picmeta2023.sbs/upload/vod/20230716-1/2ac8f47720c6c987c74557947485a3cf.jpg,HongKongDoll玩偶姐姐・情侣游戏,https://lbjx9.com/?url=https://t22a.cdn2020.com/video/m3u8/2023/07/14/60bb8736/index.m3u8,https://www.91fc.cc/index.php/vod/play/id/8627/sid/1/nid/1.html,HongKongDoll玩偶姐姐・情侣游戏
0,玩偶姐姐,,,,2023-07-15,https://picmeta2023.sbs/upload/vod/20230519-1/3db6895f507e2605aaa3ffee545ba026.jpg,HongKongDoll玩偶姐姐・情侣游戏特别篇,https://lbjx9.com/?url=https://t22a.cdn2020.com/video/m3u8/2023/07/14/efe2cfd6/index.m3u8,https://www.91fc.cc/index.php/vod/play/id/9946/sid/1/nid/1.html,HongKongDoll玩偶姐姐・情侣游戏特别篇
0,玩偶姐姐,,,,2023-07-13,https://picmeta2023.sbs/upload/vod/20230519-1/ba740f58ffcc62351704939b3fa53f18.jpg,HongKongDoll玩偶姐姐・监禁的JK,https://lbjx9.com/?url=https://t22a.cdn2020.com/video/m3u8/2023/07/12/9fe434ba/index.m3u8,https://www.91fc.cc/index.php/vod/play/id/9902/sid/1/nid/1.html,HongKongDoll玩偶姐姐・监禁的JK
0,玩偶姐姐,,,,2023-07-13,,HongKongDoll玩偶姐姐・冲浪少女的碎碎念,https://lbjx9.com/?url=https://t22a.cdn2020.com/video/m3u8/2023/07/12/3d3a3056/index.m3u8,https://www.91fc.cc/index.php/vod/play/id/9906/sid/1/nid/1.html,HongKongDoll玩偶姐姐・冲浪少女的碎碎念
0,玩偶姐姐,,,,2023-07-13,https://picmeta2023.sbs/upload/vod/20230715-1/d3daa1f03a4b988f5396e79346d9c340.jpg,HongKongDoll玩偶姐姐・旗袍,https://lbjx9.com/?url=https://t22a.cdn2020.com/video/m3u8/2023/07/12/5957422f/index.m3u8,https://www.91fc.cc/index.php/vod/play/id/9909/sid/1/nid/1.html,HongKongDoll玩偶姐姐・旗袍
0,玩偶姐姐,,,,2023-05-27,,HongKongDoll玩偶姐姐・最新短片6,https://lbjx9.com/?url=https://a.6-6.tv/video2/20230527_HongKongDoll_6_U3C3.mp4,https://www.91fc.cc/index.php/vod/play/id/9200/sid/1/nid/1.html,HongKongDoll玩偶姐姐・最新短片6
0,玩偶姐姐,,,,2023-05-27,https://a.6-6.tv/video2/20230527_HongKongDoll_5_U3C3.jpg,HongKongDoll玩偶姐姐・最新短片5,https://lbjx9.com/?url=https://a.6-6.tv/video2/20230527_HongKongDoll_5_U3C3.mp4,https://www.91fc.cc/index.php/vod/play/id/9201/sid/1/nid/1.html,HongKongDoll玩偶姐姐・最新短片5
0,玩偶姐姐,,,,2023-05-27,https://a.6-6.tv/video2/20230527_HongKongDoll_4_U3C3.jpg,HongKongDoll玩偶姐姐・最新短片4,https://lbjx9.com/?url=https://a.6-6.tv/video2/20230527_HongKongDoll_4_U3C3.mp4,https://www.91fc.cc/index.php/vod/play/id/9202/sid/1/nid/1.html,HongKongDoll玩偶姐姐・最新短片4
0,玩偶姐姐,,,,2023-05-27,https://a.6-6.tv/video2/20230527_HongKongDoll_3_U3C3.jpg,HongKongDoll玩偶姐姐・最新短片3,https://lbjx9.com/?url=https://a.6-6.tv/video2/20230527_HongKongDoll_3_U3C3.mp4,https://www.91fc.cc/index.php/vod/play/id/9203/sid/1/nid/1.html,HongKongDoll玩偶姐姐・最新短片3
0,玩偶姐姐,,,,2023-05-27,https://a.6-6.tv/video2/20230527_HongKongDoll_2_U3C3.jpg,HongKongDoll玩偶姐姐・最新短片2,https://lbjx9.com/?url=https://a.6-6.tv/video2/20230527_HongKongDoll_2_U3C3.mp4,https://www.91fc.cc/index.php/vod/play/id/9204/sid/1/nid/1.html,HongKongDoll玩偶姐姐・最新短片2
0,玩偶姐姐,,,,2023-05-27,https://a.6-6.tv/video2/20230527_HongKongDoll_1_U3C3.jpg,HongKongDoll玩偶姐姐・最新短片1,https://lbjx9.com/?url=https://a.6-6.tv/video2/20230527_HongKongDoll_1_U3C3.mp4,https://www.91fc.cc/index.php/vod/play/id/9205/sid/1/nid/1.html,HongKongDoll玩偶姐姐・最新短片1
0,玩偶姐姐,,,,2023-05-27,https://a.6-6.tv/video2/20230527_HongKongDoll_0_U3C3.jpg,HongKongDoll玩偶姐姐・最新短片,https://lbjx9.com/?url=https://a.6-6.tv/video2/20230527_HongKongDoll_0_U3C3.mp4,https://www.91fc.cc/index.php/vod/play/id/9206/sid/1/nid/1.html,HongKongDoll玩偶姐姐・最新短片
0,玩偶姐姐,,,,2023-05-21,https://a.6-6.tv/video2/20230520_HongKongDoll_U3C3.jpg,HongKongDoll玩偶姐姐・520臀控福利,https://lbjx9.com/?url=https://a.6-6.tv/video2/20230520_HongKongDoll_U3C3.mp4,https://www.91fc.cc/index.php/vod/play/id/9144/sid/1/nid/1.html,HongKongDoll玩偶姐姐・520臀控福利
0,玩偶姐姐,,,,2023-05-17,https://a.6-6.tv/video2/20230517_HongKongDoll_U3C3.jpg,HongKongDoll玩偶姐姐・情侶游戏特別篇,https://lbjx9.com/?url=https://a.6-6.tv/video2/20230517_HongKongDoll_U3C3.mp4,https://www.91fc.cc/index.php/vod/play/id/9083/sid/1/nid/1.html,HongKongDoll玩偶姐姐・情侶游戏特別篇
0,玩偶姐姐,,,,2023-05-16,https://a.6-6.tv/video2/20230423_HongKongDoll_U3C3.jpg,HongKongDoll玩偶姐姐・兩周年的JK再版,https://lbjx9.com/?url=https://a.6-6.tv/video2/20230423_HongKongDoll_U3C3.mp4,https://www.91fc.cc/index.php/vod/play/id/9037/sid/1/nid/1.html,HongKongDoll玩偶姐姐・兩周年的JK再版
0,玩偶姐姐,,,,2023-05-03,https://av1024.me/upload/video/644b96c6410b1.jpg,HongKongDoll玩偶姐姐・最新口交短片,https://lbjx9.com/?url=https://a.6-6.tv/video2/2023-04-27_HongKongDoll_U3C3.mp4,https://www.91fc.cc/index.php/vod/play/id/8695/sid/1/nid/1.html,HongKongDoll玩偶姐姐・最新口交短片
0,玩偶姐姐,,,,2023-05-03,https://av1024.me/upload/video/644ffff325956.jpg,HongKongDoll玩偶姐姐・最新JK騎乘位我最愛的体位,https://lbjx9.com/?url=https://a.6-6.tv/video2/2023-04-30_HongKongDoll_U3C3.mp4,https://www.91fc.cc/index.php/vod/play/id/8791/sid/1/nid/1.html,HongKongDoll玩偶姐姐・最新JK騎乘位我最愛的体位
0,玩偶姐姐,,,,2023-04-15,https://picmeta2023.sbs/upload/vod/20230327-1/27697d63a05e20435567e416cd87d6ee.jpg,HongKongDoll玩偶姐姐・超敏感尤物难以置信的快乐,https://lbjx9.com/?url=https://t21.cdn2020.com/video/m3u8/2023/04/13/6b00abe1/index.m3u8,https://www.91fc.cc/index.php/vod/play/id/8381/sid/1/nid/1.html,HongKongDoll玩偶姐姐・超敏感尤物难以置信的快乐
0,玩偶姐姐,,,,2023-04-10,https://25img.com/i/rxgirfdb.jpg,HongKongDoll玩偶姐姐・最新JK粉丝福利,https://lbjx9.com/?url=https:////cctv12306.com//video2//2023-04-09_HongKongDoll_U3C3.mp4,https://www.91fc.cc/index.php/vod/play/id/8322/sid/1/nid/1.html,HongKongDoll玩偶姐姐・最新JK粉丝福利
0,玩偶姐姐,,,,2023-04-08,https://25img.com/i/dhl9sr04.jpg,HongKongDoll玩偶姐姐・最新JK福利私信小短片,https://lbjx9.com/?url=https:////cctv12306.com//video2//2023-03-26_HongKongDoll_U3C3.mp4,https://www.91fc.cc/index.php/vod/play/id/8297/sid/1/nid/1.html,HongKongDoll玩偶姐姐・最新JK福利私信小短片
0,玩偶姐姐,,,,2023-04-08,https://25img.com/i/olmhz1i3.jpg,HongKongDoll玩偶姐姐・最新复活节可爱兔兔,https://lbjx9.com/?url=https:////cctv12306.com//video2//2023-04-03_HongKongDoll_U3C3.mp4,https://www.91fc.cc/index.php/vod/play/id/8298/sid/1/nid/1.html,HongKongDoll玩偶姐姐・最新复活节可爱兔兔
0,玩偶姐姐,,,,2023-03-27,https://picmeta2023.sbs/upload/vod/20221022-1/17490956d0ba54c3c5c124a013142cf2.jpg,HongKongDoll玩偶姐姐・她的秘密3・淫乱护士,https://lbjx9.com/?url=https://01.videocdnclick.click/index/h264/videos/5294_HD.mp4,https://www.91fc.cc/index.php/vod/play/id/8052/sid/1/nid/1.html,HongKongDoll玩偶姐姐・她的秘密3・淫乱护士
0,玩偶姐姐,,,,2023-03-27,,HongKongDoll玩偶姐姐・最新私信短片・圣诞兔兔・美妙的高潮・Xmas・Bunny,https://lbjx9.com/?url=https://01.videocdnclick.click/index/h264/videos/362_HD.mp4,https://www.91fc.cc/index.php/vod/play/id/8053/sid/1/nid/1.html,HongKongDoll玩偶姐姐・最新私信短片・圣诞兔兔・美妙的高潮・Xmas・Bunny
0,玩偶姐姐,,,,2023-03-27,https://picmeta2023.sbs/upload/vod/20230311-1/d5e38a11c0e3b5196d03414c5c8cacd1.jpg,HongKongDoll玩偶姐姐・真心话大冒险,https://lbjx9.com/?url=https://cctv12306.com/video2/HongKongDoll_20230324_U3C3.mp4,https://www.91fc.cc/index.php/vod/play/id/8054/sid/1/nid/1.html,HongKongDoll玩偶姐姐・真心话大冒险
0,玩偶姐姐,,,,2023-03-27,https://picmeta2023.sbs/upload/vod/20221022-1/e64074523014c388eda393fd3eb73dab.jpg,HongKongDoll玩偶姐姐・她的秘密2,https://lbjx9.com/?url=https://t20a.cdn2020.com/video/m3u8/2022/10/21/2bf0ab7c/index.m3u8,https://www.91fc.cc/index.php/vod/play/id/5230/sid/1/nid/1.html,HongKongDoll玩偶姐姐・她的秘密2
0,玩偶姐姐,,,,2023-03-27,https://picmeta2023.sbs/upload/vod/20221022-1/3536e39769d64c221264a048034577e3.jpg,HongKongDoll玩偶姐姐・她的秘密1,https://lbjx9.com/?url=https://t20a.cdn2020.com/video/m3u8/2022/09/26/29217001/index.m3u8,https://www.91fc.cc/index.php/vod/play/id/4873/sid/1/nid/1.html,HongKongDoll玩偶姐姐・她的秘密1
0,玩偶姐姐,,,,2023-03-27,https://hsck485.cc/images/2022/09/21/b0a7e17e56d8a2fa32b179ba965db0a7.jpg,HongKongDoll玩偶姐姐・强制后入,https://lbjx9.com/?url=https://t20a.cdn2020.com/video/m3u8/2022/09/21/8d7e65f1/index.m3u8,https://www.91fc.cc/index.php/vod/play/id/4767/sid/1/nid/1.html,HongKongDoll玩偶姐姐・强制后入
0,玩偶姐姐,,,,2023-03-27,https://hsck485.cc/images/2022/09/10/b0480781fc7e6b81f823c9766a7c4740.jpg,HongKongDoll玩偶姐姐・自摸粉嫩小穴,https://lbjx9.com/?url=https://t20a.cdn2020.com/video/m3u8/2022/09/10/29373fe2/index.m3u8,https://www.91fc.cc/index.php/vod/play/id/4647/sid/1/nid/1.html,HongKongDoll玩偶姐姐・自摸粉嫩小穴
0,玩偶姐姐,,,,2023-03-27,https://picmeta2023.sbs/upload/vod/20220819-1/7534f49954d3b0b0918ef4ac1e1b772c.jpg,HongKongDoll玩偶姐姐・海島生活叁,https://lbjx9.com/?url=https://t19.cdn2020.com/video/m3u8/2022/08/24/af04896f/index.m3u8,https://www.91fc.cc/index.php/vod/play/id/4366/sid/1/nid/1.html,HongKongDoll玩偶姐姐・海島生活叁
0,玩偶姐姐,,,,2023-03-27,https://hsck485.cc/images/2022/08/12/fc42a43844c06b64424bf023bc679d85.jpg,HongKongDoll玩偶姐姐・白色蕾丝性感内衣,https://lbjx9.com/?url=https://t19.cdn2020.com/video/m3u8/2022/08/12/ec4b3cac/index.m3u8,https://www.91fc.cc/index.php/vod/play/id/4237/sid/1/nid/1.html,HongKongDoll玩偶姐姐・白色蕾丝性感内衣
0,玩偶姐姐,,,,2023-03-27,https://hsck485.cc/images/2022/07/29/85bef046ae0761d5b7a1a4193177ba38.jpg,HongKongDoll玩偶姐姐・闲暇时的自摸,https://lbjx9.com/?url=https://t19.cdn2020.com/video/m3u8/2022/07/28/6b3e62ab/index.m3u8,https://www.91fc.cc/index.php/vod/play/id/4095/sid/1/nid/1.html,HongKongDoll玩偶姐姐・闲暇时的自摸
0,玩偶姐姐,,,,2023-03-27,https://picmeta2023.sbs/upload/vod/20220726-1/16b7822e0a9894af49871f0d6959e45e.jpg,HongKongDoll玩偶姐姐・海島生活二,https://lbjx9.com/?url=https://t19.cdn2020.com/video/m3u8/2022/07/28/b65445ce/index.m3u8,https://www.91fc.cc/index.php/vod/play/id/4099/sid/1/nid/1.html,HongKongDoll玩偶姐姐・海島生活二
0,玩偶姐姐,,,,2023-03-27,,HongKongDoll玩偶姐姐・单人集“独自练习2,https://lbjx9.com/?url=https://ak21727.com/20220617/lycLJu8h/index.m3u8,https://www.91fc.cc/index.php/vod/play/id/3659/sid/1/nid/1.html,HongKongDoll玩偶姐姐・单人集“独自练习2
0,玩偶姐姐,,,,2023-03-27,https://hsck485.cc/images/2022/05/10/469fa24d96c1eb2041ff7e30d3025dd6.jpg,HongKongDoll玩偶姐姐・抵挡不住蕾丝边的诱惑,https://lbjx9.com/?url=https://t15t17t18.cdn2020.com/video/m3u8/2022/05/09/8adc112d/index.m3u8,https://www.91fc.cc/index.php/vod/play/id/3157/sid/1/nid/1.html,HongKongDoll玩偶姐姐・抵挡不住蕾丝边的诱惑
0,玩偶姐姐,,,,2023-03-27,https://picmeta2023.sbs/upload/vod/20220507-1/476efab652e60bd7ae8b14c9066a6c4e.jpg,HongKongDoll玩偶姐姐・独自练习,https://lbjx9.com/?url=https://t15t17t18.cdn2020.com/video/m3u8/2022/05/06/1182a91e/index.m3u8,https://www.91fc.cc/index.php/vod/play/id/3128/sid/1/nid/1.html,HongKongDoll玩偶姐姐・独自练习
0,玩偶姐姐,,,,2023-03-27,https://hsck485.cc/images/2022/03/19/728f25509890a36ba85939db2697c224.jpg,HongKongDoll玩偶姐姐・邻家女孩的视频诱惑,https://lbjx9.com/?url=https://t15t17t18.cdn2020.com/video/m3u8/2022/03/19/c2f7dd26/index.m3u8,https://www.91fc.cc/index.php/vod/play/id/2493/sid/1/nid/1.html,HongKongDoll玩偶姐姐・邻家女孩的视频诱惑
0,玩偶姐姐,,,,2023-03-27,https://hsck485.cc/images/2021/04/13/dd6aef5864736af209bda4e05a5f1cb5.jpg,HongKongDoll玩偶姐姐之樱花树下宅男富二代狂追不舍,https://lbjx9.com/?url=https://t4t5t6t7.cdn2020.com/video/m3u8/2021/04/13/f79d4d16/index.m3u8,https://www.91fc.cc/index.php/vod/play/id/1170/sid/1/nid/1.html,HongKongDoll玩偶姐姐之樱花树下宅男富二代狂追不舍
0,玩偶姐姐,,,,2023-03-27,https://hsck485.cc/images/2021/04/13/36cd8bf2e5ecc240dc126a4be8a20a71.jpg,HongKongDoll玩偶姐姐之今天穿了一件超紧的裙子只好内射,https://lbjx9.com/?url=https://t4t5t6t7.cdn2020.com/video/m3u8/2021/04/13/9db97545/index.m3u8,https://www.91fc.cc/index.php/vod/play/id/1171/sid/1/nid/1.html,HongKongDoll玩偶姐姐之今天穿了一件超紧的裙子只好内射
0,玩偶姐姐,,,,2023-03-27,https://hsck485.cc/images/2021/04/13/a1198e1c0d6aec2a707fa530526ba138.jpg,潜入HongKongDoll玩偶姐姐的房间里发现她在看书,https://lbjx9.com/?url=https://t4t5t6t7.cdn2020.com/video/m3u8/2021/04/13/9f4ff210/index.m3u8,https://www.91fc.cc/index.php/vod/play/id/1172/sid/1/nid/1.html,潜入HongKongDoll玩偶姐姐的房间里发现她在看书
0,玩偶姐姐,,,,2023-03-27,https://hsck485.cc/images/2021/04/13/e0e96f63f7bcc7c37854256ea5e3aaaf.jpg,HongKongDoll玩偶姐姐之cos国家队02兔女郎被猛干到失神,https://lbjx9.com/?url=https://t4t5t6t7.cdn2020.com/video/m3u8/2021/04/13/2487679c/index.m3u8,https://www.91fc.cc/index.php/vod/play/id/1173/sid/1/nid/1.html,HongKongDoll玩偶姐姐之cos国家队02兔女郎被猛干到失神
0,玩偶姐姐,,,,2023-03-27,https://hsck485.cc/images/2021/04/13/a72c5eb2dda7314b73dd0826b1591ccd.jpg,HongKongDoll玩偶姐姐之被强力插入还哀求继续,https://lbjx9.com/?url=https://t4t5t6t7.cdn2020.com/video/m3u8/2021/04/13/a9d96d57/index.m3u8,https://www.91fc.cc/index.php/vod/play/id/1174/sid/1/nid/1.html,HongKongDoll玩偶姐姐之被强力插入还哀求继续
0,玩偶姐姐,,,,2023-03-27,https://hsck485.cc/images/2021/04/13/8eeb89270e60ee651d8ecaa49349dd91.jpg,HongKongDoll玩偶姐姐之穿上情趣女仆装,https://lbjx9.com/?url=https://t4t5t6t7.cdn2020.com/video/m3u8/2021/04/13/6115c720/index.m3u8,https://www.91fc.cc/index.php/vod/play/id/1175/sid/1/nid/1.html,HongKongDoll玩偶姐姐之穿上情趣女仆装
0,玩偶姐姐,,,,2023-03-27,https://hsck485.cc/images/2021/04/13/7dda1027212303bee3fdf7a840d61555.jpg,HongKongDoll玩偶姐姐之甜美游戏陪玩被富二代忽悠上了床,https://lbjx9.com/?url=https://t4t5t6t7.cdn2020.com/video/m3u8/2021/04/13/64a71706/index.m3u8,https://www.91fc.cc/index.php/vod/play/id/1176/sid/1/nid/1.html,HongKongDoll玩偶姐姐之甜美游戏陪玩被富二代忽悠上了床
0,玩偶姐姐,,,,2023-03-27,https://hsck485.cc/images/2021/04/13/077437e51cc4ed46b6c27fd0756c39e3.jpg,HongKongDoll玩偶姐姐之JK露半脸圣诞巨制,https://lbjx9.com/?url=https://t4t5t6t7.cdn2020.com/video/m3u8/2021/04/13/1e3a935a/index.m3u8,https://www.91fc.cc/index.php/vod/play/id/1177/sid/1/nid/1.html,HongKongDoll玩偶姐姐之JK露半脸圣诞巨制
0,玩偶姐姐,,,,2023-03-27,https://hsck485.cc/images/2021/04/13/ad91e1f7edeb6ed25942f74aa5936156.jpg,HongKongDoll玩偶姐姐之穹妹的美好下午,https://lbjx9.com/?url=https://t4t5t6t7.cdn2020.com/video/m3u8/2021/04/13/22411b1a/index.m3u8,https://www.91fc.cc/index.php/vod/play/id/1178/sid/1/nid/1.html,HongKongDoll玩偶姐姐之穹妹的美好下午
0,玩偶姐姐,,,,2023-03-27,https://hsck485.cc/images/2021/04/13/c718bbab1c52bb2ce8d7728d5b9449bd.jpg,HongKongDoll玩偶姐姐之风骚青蛇深夜大战姐夫,https://lbjx9.com/?url=https://249999.xyz/images/2021/04/13/c718bbab1c52bb2ce8d7728d5b9449bd.jpg,https://www.91fc.cc/index.php/vod/play/id/1179/sid/1/nid/1.html,HongKongDoll玩偶姐姐之风骚青蛇深夜大战姐夫
0,玩偶姐姐,,,,2023-03-27,https://hsck485.cc/images/2021/04/13/41b01edf4647d50fb8e114b979137437.jpg,HongKongDoll玩偶姐姐蛇喰梦子的陨落成为奴隶,https://lbjx9.com/?url=https://t4t5t6t7.cdn2020.com/video/m3u8/2021/04/13/9fae717d/index.m3u8,https://www.91fc.cc/index.php/vod/play/id/1180/sid/1/nid/1.html,HongKongDoll玩偶姐姐蛇喰梦子的陨落成为奴隶
0,玩偶姐姐,,,,2023-03-27,https://hsck485.cc/images/2021/04/13/8b0774e736e375e4ac50cffc29e40ca3.jpg,HongKongDoll玩偶姐姐玩具足交solo,https://lbjx9.com/?url=https://t4t5t6t7.cdn2020.com/video/m3u8/2021/04/13/b2635f15/index.m3u8,https://www.91fc.cc/index.php/vod/play/id/1181/sid/1/nid/1.html,HongKongDoll玩偶姐姐玩具足交solo
